체험마을명,시도명,시군구명,체험프로그램구분,체험프로그램명,보유시설정보,체험휴양마을면적,체험휴양마을사진,소재지도로명주소,소재지지번주소,대표자명,대표전화번호,지정일자,홈페이지주소,관리기관명,위도,경도,데이터기준일자
두미남구어촌체험휴양마을,경상남도,통영시,어촌생활체험,자망체험+통발체험+낚시체험+섬일주체험+스노클링체험,,,,경상남도 통영시 욕지면 두미남부길 19,,신태근,,2023-08-11,http://www.두미남구어촌체험휴양마을.kr,한국어촌어항공단,34.69818112,128.1997222,2025-08-27
죽도어촌체험휴양마을,경상남도,통영시,어촌생활체험,기타,,,,경상남도 통영시 한산면 죽도길 26-23,,정지홍,,2024-03-14,httP://www.죽도어촌체험휴양마을.kr,한국어촌어항공단,34.73428352,128.5301092,2025-08-27
봉암몽돌어촌체험휴양마을,경상남도,통영시,어촌생활체험,기타,,,https://www.seantour.kr/newseantour/upload/attach/village/20250121/VLAGE_39720636822629897.jpg,,경상남도 통영시 한산면 추봉리 908-4,김정호,,2024-11-27,,한국어촌어항공단,34.7592843,128.5111065,2025-08-27
대도어촌체험휴양마을,경상남도,하동군,어촌생활체험+레포츠,"바지락캐기,고동잡기체험+해상콘도낚시체험+좌대낚시체험",교육장+주차장+체험센터,,https://www.seantour.kr/newseantour/upload/license/image/20190927/6D2B9F061F8740D1A3BDE41FD107BEC2.jpg,경상남도 하동군 금남면 대도길 125,,이성봉,070-4208-8100,2013-03-05,http://www.대도어촌체험마을.kr/,한국어촌어항공단,34.93235548,127.8323474,2025-08-27
사계어촌체험휴양마을,제주특별자치도,서귀포시,어촌생활체험+레포츠+만들기체험,해녀체험+선상낚시체험+태왁무드등만들기체험,실내체험장+교육장+주차장+체험센터,,https://www.seantour.kr/newseantour/upload/license/image/20190927/D7EBF17DBD604B5E9709E411A8FE35D7.jpg,제주특별자치도 서귀포시 안덕면 형제해안로 13-1,,김기범,064-792-3090,2017-02-01,http://www.사계어촌체험마을.kr/,한국어촌어항공단,33.22785137,126.3050785,2025-08-27
위미1리어촌체험휴양마을,제주특별자치도,서귀포시,레포츠,스킨스쿠버+갯바위 낚시+선상낚시,교육장+주차장+샤워장,,https://www.seantour.kr/newseantour/upload/license/image/20190930/69F66E5CBB2E40DDB477DAC0B876A983.jpg,제주특별자치도 서귀포시 남원읍 위미해안로 47,,김병국,064-764-0303,2024-02-01,http://www.위미1리어촌체험마을.kr/,한국어촌어항공단,33.27074384,126.6588691,2025-08-27
강정어촌체험휴양마을,제주특별자치도,서귀포시,어촌생활체험+레포츠,바룻잡이+구멍.갯바위낚시+원체험,교육장+주차장+식당,,https://www.seantour.kr/newseantour/upload/license/image/20190926/823311EA03F742EFB813B639A8B9BB57.jpg,제주특별자치도 서귀포시 말질로 290,,윤길범,064-739-0773,2015-11-01,http://www.강정어촌체험마을.kr/,한국어촌어항공단,33.22756422,126.4747203,2025-08-27
법환어촌체험휴양마을,제주특별자치도,서귀포시,어촌생활체험+기타,물질체험+해녀학교+문화체험,교육장+주차장+체험센터,,https://www.seantour.kr/newseantour/upload/license/image/20190927/A76DE7EBD5294FDDA9DCD0C62C7C027A.jpg,제주특별자치도 서귀포시 법환로 1,,고승철,064-739-1232,2015-01-02,http://www.법환어촌체험마을.kr/,한국어촌어항공단,33.2361406,126.5146523,2025-08-27
구엄어촌체험휴양마을,제주특별자치도,제주시,레포츠,선상낚시,교육장+주차장+정자+샤워실+샤워장,,https://www.seantour.kr/newseantour/upload/license/image/20190926/AEACA307469243259C46E5295EF22EEA.jpg,제주특별자치도 제주시 애월읍 애월해안로 715-1,,김찬수,064-713-2239,2015-06-24,http://www.구엄어촌체험마을.kr/,한국어촌어항공단,33.4841803,126.3773708,2025-08-27
조도어촌체험휴양마을,경상남도,남해군,어촌생활체험,기타,,,https://www.seantour.kr/newseantour/upload/attach/village/20250121/VLAGE_39719594139201612.jpg,경상남도 남해군 미조면 조도1길 34-13,,이승민,,2013-03-05,https://cms.seantour.com/GN029/index.do,한국어촌어항공단,34.69795217,128.0550919,2025-08-27
부윤2리어촌체험휴양마을,경상남도,남해군,어촌생활체험,기타,,,,경상남도 남해군 창선면 흥선로1852번길 35,,박주선,,2015-06-24,,한국어촌어항공단,34.8449091,128.0370711,2025-08-27
다맥어촌체험휴양마을,경상남도,사천시,어촌생활체험,바지락캐기체험+쏙잡이체험+굴따기체험,교육장+주차장+체험센터,,https://www.seantour.kr/newseantour/upload/license/image/20190927/4F0418B0824049579D6F0C08DF22415D.jpg,경상남도 사천시 서포면 다평로 2,,박정식,055-853-8555,2015-06-24,http://www.다맥어촌체험마을.kr/,한국어촌어항공단,34.97992034,127.9434773,2025-08-27
비토어촌체험휴양마을,경상남도,사천시,레포츠+기타,좌대낚시+오토캠핑,교육장+주차장+샤워실,,https://www.seantour.kr/newseantour/upload/attach/village/20211124/VLAGE_801417939586500.jpg,경상남도 사천시 서포면 거북길 447,,강윤근,055-853-8859,2022-10-25,bitoseom.co.kr,한국어촌어항공단,34.96727704,127.9721548,2025-08-27
고현어촌체험휴양마을,경상남도,창원시,어촌생활체험+레포츠,바지락 체험+통발체험+선상낚시체험,주차장+샤워실+개수대+개수대,,,경상남도 창원시 마산합포구 진동면 미더덕로 358-163,,정규건,055-271-8579,2015-11-01,http://www.고현어촌체험마을.kr/,한국어촌어항공단,35.10013934,128.4815269,2025-08-27
거북이행복어촌체험휴양마을,경상남도,창원시,어촌생활체험+만들기체험,바지락캐기+통발체험+바지락 수제비 만들기,실내체험장+교육장+주차장+체험센터,,,경상남도 창원시 마산합포구 구산면 해양관광로 1638,,강중식,055-241-3780,2015-11-01,http://www.거북이행복마을.kr/,한국어촌어항공단,35.08290132,128.570214,2025-08-27
유동어촌체험휴양마을,경상남도,통영시,레포츠+어촌생활체험,생활낚시+문어통발체험+카약타기,실내체험장+교육장+주차장+쉼터+샤워실+샤워장,,https://www.seantour.kr/newseantour/upload/license/image/20190930/22A0FBC5E81147E8984EA5CBBF445E31.jpg,경상남도 통영시 욕지면 유동길 108,,황연복,055-641-2233,2017-02-01,http://www.유동어촌체험마을.kr/,한국어촌어항공단,34.62004984,128.2429568,2025-08-27
하도어촌체험휴양마을,제주특별자치도,제주시,어촌생활체험+레포츠,해녀물질 체험+바릇 잡이+대나무낚시,교육장+주차장+탈의실+샤워장,,https://www.seantour.kr/newseantour/upload/license/image/20191001/0B1BBCE2746D42ACAF8DD2F3C608BBD8.jpg,제주특별자치도 제주시 구좌읍 해맞이해안로 1897-27,,한성홍,064-783-3075,2015-06-01,http://www.하도어촌체험마을.kr/,한국어촌어항공단,33.52003061,126.9040516,2025-08-27
김녕어촌체험휴양마을,제주특별자치도,제주시,어촌생활체험,기타,,,https://www.seantour.kr/newseantour/upload/attach/village/20240802/VLAGE_25800693783556088.jpg,제주특별자치도 제주시 구좌읍 김녕항1길 50-11,,이창협,064-784-2880,2022-10-01,http://www.김녕어촌체험마을.kr/,한국어촌어항공단,33.55819136,126.7404093,2025-08-27
연명어촌체험휴양마을,경상남도,통영시,어촌생활체험,갯가 체험,주차장+쉼터,,https://www.seantour.kr/newseantour/upload/license/image/20190930/8D22A252563F434CAA1854F6C841C758.jpg,경상남도 통영시 산양읍 연명길 134(통영시 산양읍 연화리 437-1),,김석철,055-642-2345,2015-02-01,http://www.연명어촌체험마을.kr/,한국어촌어항공단,34.78133586,128.3947191,2025-08-27
궁항어촌체험휴양마을,경상남도,통영시,어촌생활체험+레포츠,바지락채취체험+바다낚시체험+스노쿨링,주차장+샤워장+탈의실+쉼터+세족장,,https://www.seantour.kr/newseantour/upload/license/image/20190926/DFBA6C362B704823B308AED6A62E7216.jpg,경상남도 통영시 산양읍 궁항길 46-8,,김재현,055-648-1048,2009-04-13,http://www.궁항어촌체험마을.kr/,한국어촌어항공단,34.81097491,128.381864,2025-08-27
예곡어촌체험휴양마을,경상남도,통영시,어촌생활체험,바지락캐기,교육장+주차장+샤워실+세족장+탈의실+쉼터+정자쉼터,,https://www.seantour.kr/newseantour/upload/license/image/20190930/4D3DB69C11BD4EADB10DA8C445B2B160.jpg,경상남도 통영시 한산면 추봉로 375,,김순표,055-649-8861,2015-09-08,http://www.예곡어촌체험마을.kr/,한국어촌어항공단,34.75620649,128.5391034,2025-08-27
학림섬어촌체험휴양마을,경상남도,통영시,어촌생활체험,바지락캐기체험+선상낚시체험+전생어부통발체험,,,https://www.seantour.kr/newseantour/upload/attach/village/20231013/VLAGE_412950956161131.png,경상남도 통영시 산양읍 학림길 95,,김천영,,2022-10-27,http://www.학림섬어촌체험마을.kr/,한국어촌어항공단,34.74794501,128.4072478,2025-08-27
세어도어촌체험휴양마을,인천광역시,서구,어촌생활체험+어촌생활체험+어촌생활체험,세어도둘레길체험+바지락캐기+선상낚시,교육장+주차장,,https://www.seantour.kr/newseantour/upload/license/image/20190930/4BA21DFEC3864EFD9B76221A7FAD781F.jpg,인천광역시 서구 세어로 29,,홍영복,,2015-08-28,http://www.세어도어촌체험마을.kr/,한국어촌어항공단,37.57252692,126.5667437,2025-08-27
이작어촌체험휴양마을,인천광역시,옹진군,어촌생활체험+어촌생활체험+어촌생활체험,바지락 캐기+풀등키트만들기+맨손체험,실내체험장+교육장+주차장,,https://www.seantour.kr/newseantour/upload/attach/village/20211124/VLAGE_802103479862600.jpg,인천광역시 옹진군 자월면 대이작로70번길 3-8,,강차병,,2015-09-01,,한국어촌어항공단,37.17651631,126.2536375,2025-08-27
선재어촌체험휴양마을,인천광역시,옹진군,어촌생활체험+레포츠,"조개,게,낚지잡기체험+낚시체험",교육장+주차장+체험센터,6600,https://www.seantour.kr/newseantour/upload/attach/village/20211101/VLAGE_414961515491200.jpg,인천광역시 옹진군 영흥면 선재로34번길 64,,나창훈,032-888-3110,2017-10-17,http://www.선재체험마을.com/,한국어촌어항공단,37.23333148,126.537551,2025-08-27
영암어촌체험휴양마을,인천광역시,옹진군,어촌생활체험,조개캐기체험,주차장+체험안내소,,https://www.seantour.kr/newseantour/upload/attach/village/20211124/VLAGE_801751297805200.jpg,인천광역시 옹진군 영흥면 영흥서로446번길 46,,김정태,032-888-5633,2015-05-29,http://www.영흥도갯벌체험.kr/,한국어촌어항공단,37.28247362,126.457438,2025-08-27
장봉어촌체험휴양마을,인천광역시,옹진군,어촌생활체험,기타,,,https://www.seantour.kr/newseantour/upload/attach/village/20240712/VLAGE_23987235915218498.jpg,인천광역시 옹진군 북도면 장봉로26번길 68-15,,정연희,,2020-03-19,,한국어촌어항공단,37.53687683,126.3808209,2025-08-27
모도리어촌체험휴양마을,인천광역시,옹진군,어촌생활체험,갯벌체험,,,https://www.seantour.kr/newseantour/upload/attach/village/20240903/VLAGE_28575946390493814.png,인천광역시 옹진군 북도면 모도로 78,,신향자,,2020-04-28,http://www.모도리어촌체험마을.kr,한국어촌어항공단,37.53426645,126.4109654,2025-08-27
자월어촌체험휴양마을,인천광역시,옹진군,어촌생활체험,기타,,,https://www.seantour.kr/newseantour/upload/attach/village/20240712/VLAGE_23988058098448679.jpg,인천광역시 옹진군 자월면 자월서로186번길 26,,김은영,,2020-04-23,,한국어촌어항공단,37.25466642,126.3046045,2025-08-27
연평어촌체험휴양마을,인천광역시,옹진군,어촌생활체험,기타,,,,인천광역시 옹진군 연평면 연평로312번길 12,,김응석,,2013-12-11,,한국어촌어항공단,37.67161257,125.711122,2025-08-27
큰무리어촌체험휴양마을,인천광역시,중구,어촌생활체험+어촌생활체험+어촌생활체험,바지락 캐기+해루질체험+오두막체험,주차장,,https://www.seantour.kr/newseantour/upload/license/image/20191001/404A771941584B0D917B96D66187D8E4.jpg,,인천광역시 중구 무의동 298-1,차영주,032-751-0310,2016-02-23,http://www.큰무리어촌체험마을.kr/,한국어촌어항공단,37.40895483,126.4137541,2025-08-27
포내어촌체험휴양마을,인천광역시,중구,어촌생활체험+만들기체험,조개캐기체험+소라화분만들기,실내체험장+교육장+주차장+체험센터,,,인천광역시 중구 대무의로 301번길 19-16,,이영석,032-752-5422,2016-01-28,http://www.포내어촌체험마을.kr,한국어촌어항공단,37.39036111,126.4288795,2025-08-27
유포어촌체험휴양마을,경상남도,남해군,어촌생활체험+만들기체험,개막이체험+바지락조개잡기체험+어묵만들기체험,실내체험장+교육장+주차장+체험센터,,https://www.seantour.kr/newseantour/upload/license/image/20190930/C28052AE577C4A8D9AA65655F51EAC0E.jpg,경상남도 남해군 서면 남서대로2381번길 60,,원현호,055-862-0735,2014-06-02,http://www.유포어촌체험마을.kr/,한국어촌어항공단,34.86191578,127.8148807,2025-08-27
설리어촌체험휴양마을,경상남도,남해군,레포츠+어촌생활체험,유어장바지체험+바다낚시터-바지+통발체험,교육장+주차장+탈의실+샤워장,,https://www.seantour.kr/newseantour/upload/license/image/20190930/16611C9D6D1B48A684B36D697691B36B.jpg,경상남도 남해군 미조면 미송로303번길 75-12,,김귀영,,2015-11-30,http://www.설리어촌체험마을.kr/,한국어촌어항공단,34.70443987,128.0269266,2025-08-27
전도어촌체험휴양마을,경상남도,남해군,어촌생활체험+어촌생활체험,바지락캐기체험+쏙잡기체험,주차장+체험센터,,https://www.seantour.kr/newseantour/upload/attach/village/20211116/VLAGE_112399921298200.jpg,경상남도 남해군 삼동면 동부대로1662번길 18-8,,김종식,,2021-01-14,http://jeondo.kr/,한국어촌어항공단,34.83155803,128.020231,2025-08-27
오이도어촌체험휴양마을,경기도,시흥시,어촌생활체험,동죽캐기,교육장,,https://www.seantour.kr/newseantour/upload/license/image/20190930/560E6DC823CB4DAEA626061F71A67D09.jpg,경기도 시흥시 오이도로135번길 39,,당인상,031-319-0205,2018-06-05,http://www.오이도어촌체험마을.kr/,한국어촌어항공단,37.34486964,126.6882792,2025-08-27
종현어촌체험휴양마을,경기도,안산시,어촌생활체험+어촌생활체험,바지락캐기체험+건강망체험,주차장+체험센터,,https://www.seantour.kr/newseantour/upload/license/image/20191001/0E218921B3A64EDBB28622D2B24BFBD2.jpg,경기도 안산시 단원구 구봉길 240 (대부북동),,김부열,032-886-6044,2020-02-07,http://www.종현어촌체험마을.kr/,한국어촌어항공단,37.2804767,126.5476447,2025-08-27
선감어촌체험휴양마을,경기도,안산시,어촌생활체험+레포츠+기타,바지락캐기체험+망둥어낚시+고구마캐기체험,실내체험장+교육장+주차장+체험센터,,https://www.seantour.kr/newseantour/upload/license/image/20190930/36ADD949C4D2497689111798799EFEAA.jpg,경기도 안산시 단원구 개건너길 78(선감동),,신동진,032-886-6133,2020-08-04,http://www.선감어촌체험마을.kr/,한국어촌어항공단,37.22057181,126.6299122,2025-08-27
풍도어촌체험휴양마을,경기도,안산시,어촌생활체험+어촌생활체험+어촌생활체험,게잡기체험+고동잡기+둘레길 걷기체험,교육장+주차장,,https://www.seantour.kr/newseantour/upload/attach/village/20211117/VLAGE_174177562125400.jpg,경기도 안산시 단원구 풍도길 10-1,,민영일,032-858-3317,2018-11-02,http://www.풍도어촌체험마을.kr/,한국어촌어항공단,37.11296083,126.3926855,2025-08-27
흘곶어촌체험휴양마을,경기도,안산시,어촌생활체험+어촌생활체험,모시조개캐기+독살체험,주차장,,https://www.seantour.kr/newseantour/upload/attach/village/20211105/VLAGE_778191631707300.jpg,경기도 안산시 단원구 대남로 618,,이규득,032-891-3116,2011-11-28,http://www.흘곶어촌체험마을.kr/,한국어촌어항공단,37.20600726,126.5494125,2025-08-27
전곡리어촌체험휴양마을,경기도,화성시,레포츠+어촌생활체험+어촌생활체험,망둥어 낚시+독살체험+고동/게잡기,교육장+주차장,,https://www.seantour.kr/newseantour/upload/license/image/20191001/85D5AFEAED8A41E38E716C426278595F.jpg,경기도 화성시 서신면 전곡항로14번길 1-16,,한경배,031-357-7837,2015-11-18,,한국어촌어항공단,37.18631297,126.6530248,2025-08-27
제부리어촌체험휴양마을,경기도,화성시,어촌생활체험+어촌생활체험,바지락캐기체험+쏙잡이체험,주차장+체험센터,,,경기도 화성시 서신면 해안길 421-12,,최병천,031-357-7828,2015-11-18,http://www.제부어촌체험마을.kr/,한국어촌어항공단,37.17817518,126.6224184,2025-08-27
궁평리어촌체험휴양마을,경기도,화성시,어촌생활체험+레포츠+레포츠,조개캐기체험+망둥어체험+모터보터체험,실내체험장+교육장+주차장+궁평하루정원,,https://www.seantour.kr/newseantour/upload/license/image/20190926/435B9AEF30B242F083F4477B67A5EE73.jpg,경기도 화성시 서신면 궁평항로 1069-11,,김진삼,031-356-7339,2014-05-22,http://www.궁평어촌체험마을.kr/,한국어촌어항공단,37.11615806,126.683374,2025-08-27
백미리어촌체험휴양마을,경기도,화성시,어촌생활체험+레포츠+어촌생활체험,조개캐기+망둥어낚시체험+조개캐기체험,"실내체험장+교육장+주차장+백미리주민센터+B&B하우스+교육장,식당,숙박시설",,https://www.seantour.kr/newseantour/upload/license/image/20190927/D8C324BF63314F73BF169E7F9EB99064.jpg,경기도 화성시 서신면 백미길 210-35,,김호연,031-357-3379,2016-04-14,http://www.백미리어촌체험마을.kr/,한국어촌어항공단,37.14347282,126.6801406,2025-08-27
대항어촌체험휴양마을,부산광역시,강서구,기타,연계운영,교육장+주차장,425000,https://www.seantour.kr/newseantour/upload/license/image/20200812/391FB9257AE548B2AC36F2463C064CB0.jpg,부산광역시 강서구 가덕해안로1207번길 9-2,,김영석,,2015-07-16,http://www.대항어촌체험마을.kr/,한국어촌어항공단,35.01166822,128.8276603,2025-08-27
공수어촌체험휴양마을,부산광역시,기장군,어촌생활체험+만들기체험+기타,후릿그물+장아찌만들기+조간대 체험,실내체험장+교육장+주차장+샤워장+탈의실+샤워장,,https://www.seantour.kr/newseantour/upload/license/image/20190926/540D346EB9934B779CC410754AA44EBD.jpg,부산광역시 기장군 기장읍 공수1길18,,안정구,051-713-1919,2015-05-14,http://www.공수어촌체험마을.kr/,한국어촌어항공단,35.18340197,129.2117619,2025-08-27
동삼어촌체험휴양마을,부산광역시,영도구,레포츠+만들기체험+만들기체험,유어장좌대낚시+곰피비누만들기+곰피어묵만들기,실내체험장+교육장+주차장,,https://www.seantour.kr/newseantour/upload/license/image/20190927/53007F0E412D484DA5D812E95B95FE4B.jpg,부산광역시 영도구 하리해안길 17-5(동삼동),,강양석,051-405-0207,2019-03-14,http://www.동삼어촌체험마을.kr/,한국어촌어항공단,35.06978487,129.0812787,2025-08-27
오호어촌체험휴양마을,강원특별자치도,고성군,레포츠,선상낚시,교육장+주차장+낚시객 디기 편의시설,,https://www.seantour.kr/newseantour/upload/license/image/20190930/4FE39E8C661546B08A3396A52D57428E.jpg,강원특별자치도 고성군 죽왕면 심층수길 40-20,,이상인,033-631-2552,2016-06-21,http://www.오호어촌체험마을.kr/,한국어촌어항공단,38.32695344,128.5288403,2025-08-27
거진어촌체험휴양마을,강원특별자치도,고성군,레포츠+레포츠,투명카누+스노클링 +선상낚시,교육장+주차장+계류장+탑승장+매표소/승객대기실 연계,,https://www.seantour.kr/newseantour/upload/license/image/20200818/D0EB9A61AF464474983F6134E1A0E89B.jpg,강원특별자치도 고성군 거진읍 거진항1길 59,,황동수,033-682-2782,2019-05-31,http://www.거진어촌체험마을.kr/,한국어촌어항공단,38.44751926,128.463868,2025-08-27
대포어촌체험휴양마을,강원특별자치도,속초시,어촌생활체험,기타,,,,강원특별자치도 속초시 대포항희망길 43,,이영철,033-631-9991,2014-12-24,,한국어촌어항공단,38.17265876,128.6068235,2025-08-27
삼척장호어촌체험휴양마을,강원특별자치도,삼척시,레포츠,투명카누체험 +스노클링,주차장+체험안내소,,,강원특별자치도 삼척시 근덕면 장호항길 111,,김동호,,2014-12-24,http://www.삼척장호어촌체험마을.kr/,한국어촌어항공단,37.28812472,129.3176145,2025-08-27
갈남어촌체험휴양마을,강원특별자치도,삼척시,레포츠+만들기체험,스노클링+투명카누+가리비.조개체험,교육장+주차장+매표소,,https://www.seantour.kr/newseantour/upload/license/image/20190926/B4AA743B3E094D1D9DD7311145CD2E4E.jpg,강원특별자치도 삼척시 원덕읍 갈남길 62-5,,김순일,,2016-03-23,,한국어촌어항공단,37.27984898,129.3256747,2025-08-27
궁촌어촌체험휴양마을,강원특별자치도,삼척시,레포츠,스노클링체험+투명카누체험,교육장+주차장+어촌계회센타,,,강원특별자치도 삼척시 근덕면 궁촌해변길 140-27,,김규수,033-575-2175,2016-06-07,http://www.궁촌어촌체험마을.kr/,한국어촌어항공단,37.32739174,129.2689001,2025-08-27
장사어촌체험휴양마을,강원특별자치도,속초시,어촌생활체험+레포츠,오징어 맨손잡기 및 시식 체험+배낚시체험+보트체험,실내체험장+교육장+주차장+체험마을안내센터+어촌계펜션+숙박시설,,https://www.seantour.kr/newseantour/upload/license/image/20190930/6E125C7E3D264B4982AD291542A618D0.jpg,강원특별자치도 속초시 장사항 해안길 45,,허부호,033-632-9796,2016-11-18,http://www.장사어촌체험마을.kr/,한국어촌어항공단,38.22551276,128.5882854,2025-08-27
청호어촌체험휴양마을,강원특별자치도,속초시,어촌생활체험,기타,,,https://www.seantour.kr/newseantour/upload/attach/village/20240712/VLAGE_23988194484210641.jpg,강원특별자치도 속초시 설악금강대교로 109,,김영식,033-635-1847,2019-06-05,,한국어촌어항공단,38.19975946,128.5938611,2025-08-27
진목어촌체험휴양마을,강원특별자치도,양구군,어촌생활체험,어부체험,교육장+주차장,,https://www.seantour.kr/newseantour/upload/license/image/20200818/E11429A489264630A6AB1E8AD7E23C56.jpg,강원특별자치도 양구군 양구읍 소양호로 2522,,이광배,,2013-11-21,http://www.진목어촌체험마을.kr/,한국어촌어항공단,38.04150436,127.9687879,2025-08-27
남애어촌체험휴양마을,강원특별자치도,양양군,어촌생활체험+레포츠+만들기체험,맨손물고기잡기체험+어선승성체험+오징어순대 만들기체험,실내체험장+교육장+주차장+체험센터,,https://www.seantour.kr/newseantour/upload/license/image/20190926/2F351204F207463B9ABC3504DB9AFC48.jpg,강원특별자치도 양양군 현남면 매바위길 127,,이종해,033-672-3624,2016-04-29,http://www.남애어촌체험마을.kr/,한국어촌어항공단,37.94456446,128.7861442,2025-08-27
마시안어촌체험휴양마을,인천광역시,중구,어촌생활체험+어촌생활체험+어촌생활체험,조개캐기+맨손고기잡기체험(독살)+마차체험(썰매체험),교육장+주차장,,https://www.seantour.kr/newseantour/upload/attach/village/20211116/VLAGE_112918938344000.jpg,인천광역시 중구 마시란로 107-8,,김원수,032-746-3093,2013-04-09,http://www.masian.co.kr/,한국어촌어항공단,37.43162037,126.4169832,2025-08-27
주전어촌체험휴양마을,울산광역시,동구,어촌생활체험+어촌생활체험+레포츠,맨손체험+해녀체험+선상낚시체험,실내체험장+교육장+주차장+체험센터,,https://www.seantour.kr/newseantour/upload/license/image/20191002/8D0CE9B826F546979C554876C305EDA0.jpg,울산광역시 동구 주전해안길 137,,강원보,052-209-0111,2016-04-27,http://www.주전어촌체험마을.kr/,한국어촌어항공단,35.55843976,129.457919,2025-08-27
우가어촌체험휴양마을,울산광역시,북구,레포츠+레포츠,투명카누체험+스노쿨링체험,주차장+체험안내소,,https://www.seantour.kr/newseantour/upload/license/image/20190930/2C579E75A8F54FAF849ED07A9559430E.png,,울산광역시 북구 당사동 143-1,김기태,052-293-2009,2021-04-05,http://www.우가어촌체험마을.kr/,한국어촌어항공단,35.59418616,129.4627214,2025-08-27
삽시도어촌체험휴양마을,충청남도,보령시,어촌생활체험,바지락체험+소라잡기체험+낚지잡기체험,교육장+주차장+체험센터,,https://www.seantour.kr/newseantour/upload/license/image/20200818/1FB79438DAB847F4A8B96A13EEB1D04C.jpg,충청남도 보령시 오천면 삽시도1길 213,,강동회,041-936-0825,2012-02-09,http://www.삽시도어촌체험마을.kr/,한국어촌어항공단,36.35132803,126.363439,2025-08-27
군헌어촌체험휴양마을,충청남도,보령시,어촌생활체험,바지락캐기체험,주차장,400000,https://www.seantour.kr/newseantour/upload/attach/village/20211119/VLAGE_325382061906600.png,충청남도 보령시 해안로 607-5,,최종인,0507-1400-418,2010-04-16,http://www.군헌어촌체험마을.kr/,한국어촌어항공단,36.3369616,126.5331937,2025-08-27
중리어촌체험휴양마을,충청남도,서산시,어촌생활체험+기타+만들기체험,바지락캐기체험+깡통열차타기체험+감태 초콜렛 만들기체험,실내체험장+교육장+주차장+어민행복관,,,충청남도 서산시 지곡면 어름들2길 66,,박현규,041-665-9498,2012-09-12,http://www.중리어촌체험마을.kr/,한국어촌어항공단,36.88040246,126.3845439,2025-08-27
왕산어촌체험휴양마을,충청남도,서산시,어촌생활체험+만들기체험,바지락 캐기+감태비누만들기,교육장+주차장,10000,https://www.seantour.kr/newseantour/upload/attach/village/20211108/VLAGE_1012715909800400.jpg,충청남도 서산시 지곡면 왕산이로 667-10,,김종배,041-662-7118,2014-12-29,http://www.왕산어촌체험마을.kr/,한국어촌어항공단,36.87316575,126.3700295,2025-08-27
월하성어촌체험휴양마을,충청남도,서천군,어촌생활체험,"바지락, 동죽 캐기",실내체험장+교육장+주차장,,https://www.seantour.kr/newseantour/upload/license/image/20190930/9377F37F717F4FE8B78765ECB2E256B0.jpg,충청남도 서천군 서면 월하성길 96,,최병혁,,2022-02-24,http://www.월하성어촌체험마을.kr/,한국어촌어항공단,36.13294484,126.5622997,2025-08-27
선도리어촌체험휴양마을,충청남도,서천군,어촌생활체험+만들기체험,"바지락캐기,굴따기체험+맛조개,동죽캐기체험+추억새기기체험",교육장+주차장+체험안내소+먹거리체험장+농수산물 판매장+판매장식당+회의실,,,충청남도 서천군 비인면 갯벌체험로 428-13,,박선순,041-952-5212,2018-11-14,https://seondori.com/,한국어촌어항공단,36.13285186,126.5828138,2025-08-27
용신어촌체험휴양마을,충청남도,태안군,어촌생활체험,바지락 캐기,주차장,,https://www.seantour.kr/newseantour/upload/attach/village/20240213/VLAGE_11016149633970566.jpg,충청남도 태안군 근흥면 용도로 470-91,,윤명상,041-673-0401,2015-08-25,http://www.용신어촌체험마을.kr/,한국어촌어항공단,36.70582661,126.2390094,2025-08-27
병술만어촌체험휴양마을,충청남도,태안군,어촌생활체험,바지락캐기체험,주차장+체험안내실+매점,,https://www.seantour.kr/newseantour/upload/license/image/20190927/D3CC611393714D46AD63AA02F5F12F7D.jpg,,충청남도 태안군 안면읍 중장리 1655-2,김재복,041-673-6191,2022-10-20,http://www.병술만어촌체험마을.kr/,한국어촌어항공단,36.47331108,126.3442883,2025-08-27
만대어촌체험휴양마을,충청남도,태안군,어촌생활체험,바지락 캐기,주차장,,https://www.seantour.kr/newseantour/upload/license/image/20190927/5AD6CE2DC15B44108CACC4DD7CB8B10E.jpg,충청남도 태안군 이원면 원이로 2394,,김진묵,,2014-12-10,http://www.만대어촌체험마을.kr/,한국어촌어항공단,36.93275584,126.3033634,2025-08-27
송석해의마을어촌체험휴양마을,충청남도,서천군,어촌생활체험,기타,,,,충청남도 서천군 마서면 송신로 707,,이상진,,2014-12-10,,한국어촌어항공단,36.07730186,126.6205002,2025-08-27
소돌어촌체험휴양마을,강원특별자치도,강릉시,레포츠+만들기체험+어촌생활체험,카누체험+커피만들기체험+물고기 맨손잡기체험,실내체험장+교육장+주차장+어촌계복지회관,,https://www.seantour.kr/newseantour/upload/license/image/20190930/15F1A5A49653486D8BFE9D0F2FD9FF99.jpg,강원특별자치도 강릉시 주문진읍 해안로1968-6,,마광열,033-662-6492,2016-04-14,http://www.소돌어촌체험마을.kr/,한국어촌어항공단,37.90519598,128.829793,2025-08-27
사천어촌체험휴양마을,강원특별자치도,강릉시,어촌생활체험,기타,,,https://www.seantour.kr/newseantour/upload/attach/village/20250121/VLAGE_39710081925746890.jpg,강원특별자치도 강릉시 사천면 진리중앙길 15-1,,마동각,,2016-04-14,,한국어촌어항공단,37.83904632,128.8755266,2025-08-27
심곡어촌체험휴양마을,강원특별자치도,강릉시,레포츠,투명카누체험,주차장,,https://www.seantour.kr/newseantour/upload/license/image/20190930/249AD8986A4640E3995E7F6BE4CA5D92.jpg,강원특별자치도 강릉시 강동면 헌화로 658,,원도식,033-644-5191,2018-05-09,http://www.심곡어촌체험마을.kr/,한국어촌어항공단,37.66516598,129.0515417,2025-08-27
만돌어촌체험휴양마을,전북특별자치도,고창군,어촌생활체험,바지락캐기+염전체험+어망체험,교육장+주차장,,https://www.seantour.kr/newseantour/upload/license/image/20190927/B5911802BCE44B17900597D9CED62B72.jpg,전북특별자치도 고창군 심원면 애향갯벌로 320,,김현술,063-561-0705,2015-07-28,http://www.만돌어촌체험마을.kr/,한국어촌어항공단,35.53007402,126.5150446,2025-08-27
고창장호어촌체험휴양마을,전북특별자치도,고창군,어촌생활체험+레포츠,조개캐기+후릿그물체험+갯벌썰매,교육장+주차장,,,전북특별자치도 고창군 상하면 명사십리로 282-42,,표재옥,063-562-9390,2020-06-29,http://www.고창장호어촌체험마을.kr/,한국어촌어항공단,35.46799134,126.4578949,2025-08-27
동호어촌체험휴양마을,전북특별자치도,고창군,어촌생활체험,조개캐기,,,https://www.seantour.kr/newseantour/upload/attach/village/20240712/VLAGE_23988528250646403.jpg,전북특별자치도 고창군 해리면 구동호1길 43,,표재호+이길연,063-562-8245,2020-10-29,http://www.동호어촌체험마을.kr/,한국어촌어항공단,35.5201749,126.4844639,2025-08-27
광승어촌체험휴양마을,전북특별자치도,고창군,기타,기타,,,https://www.seantour.kr/newseantour/upload/attach/village/20240228/VLAGE_12331414660828164.png,전북특별자치도 고창군 해리면 명사십리로 678,,김형근,,2021-11-02,,한국어촌어항공단,35.49940206,126.4722749,2025-08-27
신시도어촌체험휴양마을,전북특별자치도,군산시,어촌생활체험,바지락캐기체험,주차장,,https://www.seantour.kr/newseantour/upload/license/image/20190930/9B997E0986D14F3B849176DBE79858B1.jpg,전북특별자치도 군산시 옥도면 신시도길 83-7,,이영집,063-463-7088,2013-07-02,http://www.신시도어촌체험마을.kr/,한국어촌어항공단,35.8176771,126.4527328,2025-08-27
선유도어촌체험휴양마을,전북특별자치도,군산시,어촌생활체험,조개캐기체험,교육장+주차장+체험센터,,https://www.seantour.kr/newseantour/upload/license/image/20190930/CB97698204A04072A5BA82C958B0D11C.jpg,전북특별자치도 군산시 옥도면 선유도3길 43,,임동준,063-464-5556,2010-12-13,http://www.선유도어촌체험마을.kr/,한국어촌어항공단,35.82459739,126.4161048,2025-08-27
방축도어촌체험휴양마을,전북특별자치도,군산시,어촌생활체험,기타,,,https://www.seantour.kr/newseantour/upload/attach/village/20240712/VLAGE_23988881838351854.jpg,전북특별자치도 군산시 옥도면 방축도3길 30,,최창호,,2020-11-13,http://www.방축도어촌체험마을.kr/,한국어촌어항공단,35.85000746,126.3680555,2025-08-27
하저어촌체험휴양마을,전라남도,강진군,기타+레포츠+어촌생활체험,물놀이 체험(주체험)+어선타기체험+독살체험,주차장,,https://www.seantour.kr/newseantour/upload/license/image/20191001/BC3714670C16456384C2E429E5CA9EFB.jpg,전라남도 강진군 대구면 저두바닷길 43-31,,문정렬,061-432-7967,2016-12-15,http://www.하저어촌체험마을.kr/,한국어촌어항공단,34.52544164,126.7914153,2025-08-27
백사어촌체험휴양마을,전라남도,강진군,어촌생활체험,바지락캐기체험,주차장,,https://www.seantour.kr/newseantour/upload/license/image/20190927/01F9FBBF981D4041A2B65D48C87BEA78.jpg,전라남도 강진군 대구면 청자해안길 253,,황성환,,2016-11-17,http://www.백사어촌체험마을.kr/,한국어촌어항공단,34.49286985,126.793805,2025-08-27
서중어촌체험휴양마을,전라남도,강진군,레포츠+어촌생활체험,해상펜션 낚시체험+바지선낚시체험+바지락캐기체험,주차장+체험마을센터,,https://www.seantour.kr/newseantour/upload/license/image/20190930/77BB4ADDE68045BB999DC7C0929BD309.jpg,전라남도 강진군 마량면 까막섬로 75-7,,강남원,061-433-8528,2016-11-17,http://www.서중어촌체험마을.kr/,한국어촌어항공단,34.45366014,126.8075691,2025-08-27
수산어촌체험휴양마을,강원특별자치도,양양군,레포츠+만들기체험,투명카누타기체험+해초비누만들기체험+문어빵 만들기체험,실내체험장+교육장+주차장+체험센터,,https://www.seantour.kr/newseantour/upload/license/image/20190930/5CF63889748C44CB80BE0E8B70A303B3.jpg,강원특별자치도 양양군 손양면 수산1길 20-16,,권영환,033-673-3677,2020-07-22,http://www.수산어촌체험마을.kr/,한국어촌어항공단,38.07709998,128.6744643,2025-08-27
장고도어촌체험휴양마을,충청남도,보령시,어촌생활체험,"바지락캐기체험+소라잡기체험+낚지,해상잡기체험",교육장+주차장+마을회관,,https://www.seantour.kr/newseantour/upload/license/image/20190930/359A266488CB4B2EA04FCE3C49BD3CFB.jpg,충청남도 보령시 오천면 장고도1길 100-177,,편도진,,2011-09-27,http://www.장고도어촌체험마을.kr/,한국어촌어항공단,36.4010876,126.3548438,2025-08-27
무창포어촌체험휴양마을,충청남도,보령시,어촌생활체험+기타,바지락캐기체험+해변관광열차타기체험+양궁배우기체험,주차장+체험안내소+체험도구 보관장,,https://www.seantour.kr/newseantour/upload/attach/village/20211116/VLAGE_57015278037200.png,충청남도 보령시 웅천읍 열린바다1길 28,,이종길,041-934-3504,2019-03-05,http://www.무창포어촌체험마을.kr/,한국어촌어항공단,36.24317652,126.5354631,2025-08-27
거차어촌체험휴양마을,전라남도,순천시,어촌생활체험,뻘배체험+머드팩체험+짱뚱어잡기체험,실내체험장+교육장+주차장+체험안내소+식당+복합시설,,https://www.seantour.kr/newseantour/upload/license/image/20200818/2FD72C74141F4EBFA534F342A720E0A2.jpg,전라남도 순천시 별량면 거차길 57-16,,김만석,061-742-8837,2022-09-01,http://www.거차어촌체험마을.kr/,한국어촌어항공단,34.83711823,127.446662,2025-08-27
둔장어촌체험휴양마을,전라남도,신안군,어촌생활체험,백합캐기체험+후릿그물체험+삼강망체험,교육장+주차장,,https://www.seantour.kr/newseantour/upload/license/image/20190927/A02BBBF213444F58ABA345B8DFD217A3.jpg,전라남도 신안군 자은면 둔장길 47-47,,강정원,061-271-8476,2013-08-13,http://www.둔장어촌체험마을.kr/,한국어촌어항공단,34.91561685,126.0579165,2025-08-27
안도어촌체험휴양마을,전라남도,여수시,레포츠,"좌대낚시체험+조개캐기체험+고동, 소라, 해초 채취체험",주차장+마을회관,,https://www.seantour.kr/newseantour/upload/license/image/20190930/93457E0BED3947A6A8C8D756448467AE.jpg,전라남도 여수시 남면 안도안길 21-7,,김명곤,061-665-9340,2011-12-21,http://www.안도어촌체험마을.kr/,한국어촌어항공단,34.48781342,127.8038869,2025-08-27
개도어촌체험휴양마을,전라남도,여수시,어촌생활체험+레포츠,바지락체험+통발체험+좌대낚시,주차장+쉼터,,https://www.seantour.kr/newseantour/upload/license/image/20190926/20AEBFF3936B46748D2DE68ACB8048B7.jpg,전라남도 여수시 화정면 개도화산길28,,한상섭,061-661-1232,2015-08-25,http://www.개도어촌체험마을.kr/,한국어촌어항공단,34.57214147,127.6623415,2025-08-27
낭만낭도어촌체험휴양마을,전라남도,여수시,기타,캠핑(야영),교육장+주차장+쉼터+족구장,,https://www.seantour.kr/newseantour/upload/license/image/20200820/F7F43BF581664381A4314DD1ECD499E6.jpg,전라남도 여수시 화정면 여산길 33,,이향용,061-551-0606,2013-10-15,http://www.낭만낭도어촌체험마을.kr/,한국어촌어항공단,34.60865343,127.5396617,2025-08-27
백야어촌체험휴양마을,전라남도,여수시,어촌생활체험,기타,교육장+주차장+쉼터+족구장,4,https://www.seantour.kr/newseantour/upload/attach/village/20211124/VLAGE_801071104341000.jpg,전라남도 여수시 화정면 백야2길 11-1,,임상록,070-7756-2744,2011-02-22,http://www.백야어촌체험마을.kr/,한국어촌어항공단,34.61925806,127.6408273,2025-08-27
손죽어촌체험휴양마을,전라남도,여수시,기타+레포츠,해류질체험+갯바위낚시+섬트래킹,교육장+주차장+손죽도어촌마을협의회,,https://www.seantour.kr/newseantour/upload/attach/village/20240712/VLAGE_23989301498027104.jpg,전라남도 여수시 삼산면 우데미길 11,,김기한,,2022-03-31,http://www.손죽어촌체험마을.kr/,한국어촌어항공단,34.2854983,127.3607238,2025-08-27
창우어촌체험휴양마을,전라남도,영광군,어촌생활체험,백합잡기+방게잡이,,,https://www.seantour.kr/newseantour/upload/attach/village/20211119/VLAGE_358259296055100.jpg,전라남도 영광군 염산면 창우로 300,,양대일,,2019-08-23,http://www.창우어촌체험마을.kr/,한국어촌어항공단,35.24917414,126.313966,2025-08-27
북고어촌체험휴양마을,전라남도,완도군,어촌생활체험,전복 따기 체험+개막이체험,교육장+주차장+쉼터,,,전라남도 완도군 노화읍 북고2길 72,,공현웅,061-555-4482,2015-12-28,http://www.북고어촌체험마을.kr/,한국어촌어항공단,34.22555291,126.5617296,2025-08-27
도락어촌체험휴양마을,전라남도,완도군,어촌생활체험,독살체험+휘리체험+개매기체험,주차장+체험관+쉼터+식음장,,,,전라남도 완도군 청산면 당락리 884,이인창,,2012-12-10,http://www.도락어촌체험마을.kr/,한국어촌어항공단,34.17449687,126.8574555,2025-08-27
대야도어촌체험휴양마을,충청남도,태안군,어촌생활체험+레포츠,바지락캐기체험+선상낚시체험,교육장+주차장+안내실+체험도구 보관장,,https://www.seantour.kr/newseantour/upload/license/image/20190927/A2409BF0053947BBB95C598333CFE3DD.jpg,충청남도 태안군 안면읍 대야로 349,,정재봉,041-673-9673,2016-04-14,http://www.대야도어촌체험마을.kr/,한국어촌어항공단,36.46694367,126.4152899,2025-08-27
가경주어촌체험휴양마을,충청남도,태안군,어촌생활체험+어촌생활체험,바지락캐기체험+쏙잡기체험+독살체험,교육장+주차장+체험센터,,https://www.seantour.kr/newseantour/upload/attach/village/20220504/VLAGE_51937035911838912.jpg,충청남도 태안군 고남면 가경주길77,,편도관,041-672-5452,2015-07-28,http://www.가경주체험마을.com/,한국어촌어항공단,36.41530016,126.4091494,2025-08-27
하전어촌체험휴양마을,전북특별자치도,고창군,어촌생활체험,조개캐기,교육장+주차장,,https://www.seantour.kr/newseantour/upload/license/image/20191002/25C4BD0068B74E169AD42B549FEB8026.jpg,전북특별자치도 고창군 심원면 서전길 30,,권영주,063-563-0117,2015-07-28,http://www.하전어촌체험마을.kr/,한국어촌어항공단,35.53973886,126.5649487,2025-08-27
산달도어촌체험휴양마을,경상남도,거제시,어촌생활체험,돌굴까기+바지락캐기+고둥줍기,교육장+주차장+바베큐장+물놀이장+족구장+태양광,,https://www.seantour.kr/newseantour/upload/license/image/20190927/0B961F41EEED4F4BA7EFFD18A3AB01A1.png,경상남도 거제시 거제면 산달1길 11,,김명재,,2014-07-21,http://www.xn--bk1b1pm8l80hrvgvqcm0oduan74d.kr/,한국어촌어항공단,34.81676488,128.5335015,2025-08-27
옥계어촌체험휴양마을,경상남도,거제시,어촌생활체험,기타,,,https://www.seantour.kr/newseantour/upload/attach/village/20240723/VLAGE_24941587780681713.jpg,경상남도 거제시 하청면 칠천로 275-21,,서정영,,2011-02-14,,한국어촌어항공단,34.97853942,128.6301326,2025-08-27
대금어촌체험휴양마을,경상남도,거제시,어촌생활체험,기타,,,https://www.seantour.kr/newseantour/upload/attach/village/20240723/VLAGE_24942287672653727.jpg,,경상남도 거제시 장목면 대금리 328-10,윤인원,,2017-09-18,,한국어촌어항공단,34.9713413,128.7006713,2025-08-27
동화어촌체험휴양마을,경상남도,고성군,어촌생활체험+레포츠,바지락캐기체험+해상콘도낚시체험+햇불체험,교육장+주차장+체험센터,,https://www.seantour.kr/newseantour/upload/license/image/20190927/057FBCA957534900829723745DFFCFB3.jpg,경상남도 고성군 하일면 동화1길 203,,김인철,055-673-8054,2015-08-13,http://www.동화어촌체험마을.kr/,한국어촌어항공단,34.90157746,128.1901319,2025-08-27
룡대미어촌체험휴양마을,경상남도,고성군,어촌생활체험,갯벌체험,교육장+주차장+쉼터+샤워장,,,경상남도 고성군 삼산면 두포로 153-2,,황삼도,055-672-9971,2020-03-26,http://www.룡대미어촌체험마을.kr/,한국어촌어항공단,34.9276784,128.2663059,2025-08-27
문항어촌체험휴양마을,경상남도,남해군,어촌생활체험,갯벌체험+개막이체험+돌굴따기,교육장+주차장+탈의실+휴게실+세족장+비가림시설+벤치+야외데크,,https://www.seantour.kr/newseantour/upload/license/image/20190927/E0C7B54528A44572937874CEC19A0DCC.jpg,경상남도 남해군 설천면 강진로206번길 54-19,,장한칠,,2011-01-31,http://www.문항어촌체험마을.kr/,한국어촌어항공단,34.91484973,127.9294036,2025-08-27
지족어촌체험휴양마을,경상남도,남해군,어촌생활체험+레포츠,조개잡기체험+죽방렴체험+선상낚시체험,교육장+주차장+다기능관,15000,https://www.seantour.kr/newseantour/upload/license/image/20191001/3499161815514533A6D7945CD47BCF60.jpg,경상남도 남해군 삼동면 죽방로 24(지족리291-12) 지족어촌계,,이주원,055-867-8249,2011-01-31,http://www.지족어촌체험마을.kr/,한국어촌어항공단,34.83264072,127.9993201,2025-08-27
이어어촌체험휴양마을,경상남도,남해군,어촌생활체험+어촌생활체험,생태갯벌체험+농산물수확체험,실내체험장+교육장+주차장+탈의실+샤워장+수영장+쉼터+정자쉼터,320000,https://www.seantour.kr/newseantour/upload/license/image/20190930/C01844EFB4B54061B5C5725861A4D06E.jpg,경상남도 남해군 고현면 남해대로 3100번길 65,,김호기,055-863-3697,2014-12-15,http://www.이어어촌체험마을.kr/,한국어촌어항공단,34.86305772,127.9011347,2025-08-27
냉천어촌체험휴양마을,경상남도,남해군,어촌생활체험,갯벌체험,실내체험장++주차장+쉼터,,https://www.seantour.kr/newseantour/upload/license/image/20190927/29A6E4C48B99478DA5B8BA4B1C8072CC.jpg,경상남도 남해군 창선면 동부대로 2790-4,,곽충남,0507-1407-542,2011-01-31,,한국어촌어항공단,34.9008026,128.0230312,2025-08-27
은점어촌체험휴양마을,경상남도,남해군,어촌생활체험+레포츠,문어통발체험+선상낚시체험,교육장+주차장+체험센터,,https://www.seantour.kr/newseantour/upload/license/image/20190930/038022D50A7A4507828CBBAA535C4B63.jpg,경상남도 남해군 삼동면 동부대로942번길 34-9,,이성룡,055-867-7119,2011-11-30,http://www.은점어촌체험마을.kr/,한국어촌어항공단,34.78640634,128.0525655,2025-08-27
망호어촌체험휴양마을,전라남도,강진군,어촌생활체험,기타,,,https://www.seantour.kr/newseantour/upload/attach/village/20240712/VLAGE_23989049950694239.jpeg,전라남도 강진군 도암면 망호길 27,,정금동,,2010-05-04,http://www.망호어촌체험마을.kr/,한국어촌어항공단,34.52918353,126.7632623,2025-08-27
풍류어촌체험휴양마을,전라남도,고흥군,어촌생활체험,바지락캐기,주차장,,https://www.seantour.kr/newseantour/upload/license/image/20191001/E4E436BBF49D47959500971A6C649EC6.jpg,전라남도 고흥군 두원면 풍류로 99-14,,송택혜,,2010-03-05,http://www.풍류어촌체험마을.kr/,한국어촌어항공단,34.66361934,127.2295708,2025-08-27
연홍도어촌체험휴양마을,전라남도,고흥군,기타,4D해저잠수함체험관+뮤비컬쳐영상체험,"실내체험장+교육장+주차장+카페,특산품판매소",,https://www.seantour.kr/newseantour/upload/attach/village/20211116/VLAGE_138276469284300.jpg,전라남도 고흥군 금산면 연홍길 23,,홍남옥,061-843-0661,2008-10-30,http://www.연홍도어촌체험마을.kr/,한국어촌어항공단,34.45894659,127.0921135,2025-08-27
오산어촌체험휴양마을,전라남도,해남군,어촌생활체험,"바지락, 꼬막캐기",주차장+쉼터+샤워실+남녀샤워시설,,https://www.seantour.kr/newseantour/upload/license/image/20190930/397B9F5931984D8B9B25A5B826F6C88B.jpg,전라남도 해남군 북평면 오산길 88,,오영출,070-7759-5047,2018-03-20,http://www.오산어촌체험마을.kr/,한국어촌어항공단,34.41333356,126.6431596,2025-08-27
산소어촌체험휴양마을,전라남도,해남군,어촌생활체험,기타,,,https://www.seantour.kr/newseantour/upload/license/image/20190930/BB026A44F56D44B2B0EBD8187AA66324.jpg,전라남도 해남군 황산면 안산길 135,,김영길,,2014-07-01,http://www.산소어촌체험마을.kr/,한국어촌어항공단,34.54054029,126.4383634,2025-08-27
연동어촌체험휴양마을,경상북도,경주시,레포츠,스노클링+갯바위낚시체험,교육장+주차장+연동어촌체험센터,,https://www.seantour.kr/newseantour/upload/license/image/20190930/2008FFEA217E4CF99BCD9C4D9DD40751.jpg,경상북도 경주시 감포읍 연동길 38-1,,이영민,054-776-0129,2019-04-09,http://www.연동어촌체험마을.kr/,한국어촌어항공단,35.83783165,129.5196434,2025-08-27
기성어촌체험휴양마을,경상북도,울진군,만들기체험+레포츠,붉은대게피자만들기+조개캔들만들기+갯바위 낚시체험,실내체험장+교육장+주차장+기성어촌체험센터,404,https://www.seantour.kr/newseantour/upload/license/image/20190926/C280CE93732A411A994399D98074728E.jpg,경상북도 울진군 기성면 기성본길 314,,안용원,054-788-6400,2021-04-16,http://www.기성어촌체험마을.kr/,한국어촌어항공단,36.79673777,129.4575868,2025-08-27
구산어촌체험휴양마을,경상북도,울진군,레포츠+어촌생활체험,스노클링+갯바위낚시체험+통발체험,교육장+주차장+구산어촌체험센터,352,https://www.seantour.kr/newseantour/upload/license/image/20190926/8E10AAE9CBCE424B9CED81429108C416.jpg,경상북도 울진군 기성면 구산봉산로 100,,김중환,054-788-5312,2014-02-04,http://www.구산어촌체험마을.kr/,한국어촌어항공단,36.76057958,129.4696509,2025-08-27
거일1리어촌체험휴양마을,경상북도,울진군,레포츠+어촌생활체험,스킨스쿠버+미역채취체험,주차장+거일1리어촌체험센터,349,https://www.seantour.kr/newseantour/upload/license/image/20190926/DBC7DD7CAEBD4084BF2EA5B5E73A6885.jpg,경상북도 울진군 평해읍 울진대게로 671,,김용철,054-787-9912,2014-06-13,http://www.거일1리어촌체험마을.kr/,한국어촌어항공단,36.71085116,129.475138,2025-08-27
해빛뜰어촌체험휴양마을,경상북도,울진군,기타,관동팔경탐방체험,주차장+기성망향교류센터,474,https://www.seantour.kr/newseantour/upload/attach/village/20211104/VLAGE_684185683791400.png,경상북도 울진군 기성면 망양1길 9,,김대섭,054-782-0606,2014-11-20,,한국어촌어항공단,36.84245358,129.4340885,2025-08-27
창바우(신창2리)어촌체험휴양마을,경상북도,포항시,어촌생활체험+만들기체험,고둥잡기 체험+통발체험+천연비누만들기체험,실내체험장+교육장+주차장+바베큐장,,,경상북도 포항시 남구 장기면 동해안로3404번길 55,,김태섭,054-276-5588,2015-09-08,http://창바우.kr/site/main,한국어촌어항공단,35.88781857,129.5251752,2025-08-27
다대어촌체험휴양마을,경상남도,거제시,어촌생활체험+만들기체험,조개캐기체험+갯벌생태진로학습체험+조개공예체험,실내체험장+교육장+주차장+아카데미본동+아카데미체험동+숙박시설,,https://www.seantour.kr/newseantour/upload/attach/village/20211103/VLAGE_595676981470300.png,경상남도 거제시 남부면 다대1길 6,,윤길정,055-633-1064,2022-10-27,http://www.dadaeri.co.kr/,한국어촌어항공단,34.73801036,128.6287412,2025-08-27
저도어촌체험휴양마을,경상남도,사천시,어촌생활체험,기타,,,,경상남도 사천시 저도길 17-13,,박영옥,,2011-06-28,저도어촌체험마을.kr,한국어촌어항공단,34.94327887,128.0313105,2025-08-27
도장포어촌체험휴양마을,경상남도,거제시,레포츠+어촌생활체험,좌대낚시+선상낚시+통발체험,교육장+주차장,2,https://www.seantour.kr/newseantour/upload/license/image/20200813/CC4F1C73EC6446ACB3DABED975C2C919.jpg,경상남도 거제시 남부면 도장포1길 76,,최석상,,2021-04-16,http://www.도장포어촌체험마을.kr/,한국어촌어항공단,34.74344414,128.662461,2025-08-27
계도어촌체험휴양마을,경상남도,거제시,레포츠,좌대낚시체험+데크낚시체험+해상콘도낚시체험,교육장+주차장+계도스포츠아카데미+계도다기능복합공간+식당+숙박시설,,https://www.seantour.kr/newseantour/upload/license/image/20190926/E7FC5C7F1A224F1CBF7DBE171BE21CEA.png,경상남도 거제시 사등면 가조로 837,,김명균,055-632-2515,2018-04-26,http://www.계도어촌체험마을.kr/,한국어촌어항공단,34.9748392,128.517526,2025-08-27
쌍근어촌체험휴양마을,경상남도,거제시,어촌생활체험,바지락캐기체험+자망 및 통발체험,주차장+체험센터,,https://www.seantour.kr/newseantour/upload/license/image/20190930/EEF10E5134EA44DCB04B3B00A7B49B2E.jpg,경상남도 거제시 남부면 남부해안로 1094,,조영철,055-635-4115,2013-11-01,http://www.쌍근어촌체험마을.kr/,한국어촌어항공단,34.76239906,128.5894384,2025-08-27
보옥어촌체험휴양마을,전라남도,완도군,어촌생활체험,고등어낚시+방파제전통대나무낚시,교육장+주차장+쉼터,,https://www.seantour.kr/newseantour/upload/attach/village/20250218/VLAGE_42128782540285749.jpg,전라남도 완도군 보길면 보옥길 3-11,,이성봉,,2016-04-28,http://www.보옥어촌체험마을.kr/,한국어촌어항공단,34.12876002,126.5173132,2025-08-27
신리어촌체험휴양마을,전라남도,장흥군,어촌생활체험,개막이체험+꼬막캐기체험,교육장+주차장+개막이체험장+매생이권역 다목적센터+안내실+숙박시설,,https://www.seantour.kr/newseantour/upload/license/image/20190930/5006D19C6AE5451582DD06CB8B47991F.jpg,전라남도 장흥군 대덕읍 신리옹암로 294,,이길현,061-867-9878,2011-12-28,http://www.신리어촌체험마을.kr/,한국어촌어항공단,34.44418182,126.8808125,2025-08-27
사금어촌체험휴양마을,전라남도,장흥군,어촌생활체험,바지락캐기,교육장+주차장,,https://www.seantour.kr/newseantour/upload/license/image/20190927/4F9F3CBFE9E84481A6FAF69C3650D4E5.jpg,전라남도 장흥군 관산읍 정남진해안로 705,,,070-4254-5100,2010-05-01,http://www.사금어촌체험마을.kr/,한국어촌어항공단,34.54496704,126.986465,2025-08-27
수문어촌체험휴양마을,전라남도,장흥군,어촌생활체험,바지락캐기체험,주차장+수문해변펜션,,https://www.seantour.kr/newseantour/upload/license/image/20190930/D666C65F95AF4C1884F9F1BD0A137DC2.jpg,전라남도 장흥군 안양면 수문용곡로 194,,김삼식,061-864-0777,2021-05-11,http://www.수문어촌체험마을.kr/,한국어촌어항공단,34.63565171,127.0354839,2025-08-27
접도어촌체험휴양마을,전라남도,진도군,레포츠+어촌생활체험,해상펜션낚시체험+개매기체험+선상투어체험체험,교육장+주차장+체험센터+해상펜션,,https://www.seantour.kr/newseantour/upload/license/image/20191001/BB3AD93441024D8CAB32E150F9D5A528.jpg,전라남도 진도군 의신면 황모길 81,,윤상순,061-544-4450,2021-06-02,http://www.접도어촌체험마을.kr/,한국어촌어항공단,34.38802765,126.3005747,2025-08-27
죽림어촌체험휴양마을,전라남도,진도군,어촌생활체험,"바지락캐기, 돌게잡기, 동죽캐기, 맛조개캐기체험++",교육장+주차장+체험센터+화장실+화장실+샤워장,,https://www.seantour.kr/newseantour/upload/license/image/20191001/C59BC8D1D5734692994E195614F46F6C.jpg,전라남도 진도군 임회면 헌복동길 16,,주행갑,061-544-6645,2022-04-21,http://www.죽림어촌체험마을.kr/,한국어촌어항공단,34.39138193,126.2599618,2025-08-27
초평해오름어촌체험휴양마을,전라남도,진도군,어촌생활체험,갯벌체험,주차장,,https://www.seantour.kr/newseantour/upload/attach/village/20230721/VLAGE_125368186489322201.jpg,전라남도 진도군 의신면 초평길 108-132,,고선남,,2022-05-06,http://www.초평해오름어촌체험마을.kr/,한국어촌어항공단,34.40856445,126.3352321,2025-08-27
창유어촌체험휴양마을,전라남도,진도군,어촌생활체험,톳(미역)채취체험+달래캐기체험+후릿그물체험,교육장+주차장,,,전라남도 진도군 조도면 어류포길 37-2,,배주창,,2017-02-09,http://www.창유어촌체험마을.kr/,한국어촌어항공단,34.30360317,126.0528062,2025-08-27
관매어촌체험휴양마을,전라남도,진도군,레포츠+어촌생활체험,갯바위낚시체험+조개잡기,주차장+특산물판매점+관매사랑+숙박시설,,https://www.seantour.kr/newseantour/upload/attach/village/20240712/VLAGE_23989534774365374.jpg,전라남도 진도군 조도면 관매도길 71,,함한종,,2016-03-29,http://www.관매어촌체험마을.kr/,한국어촌어항공단,34.23849406,126.0514058,2025-08-27
관호어촌체험휴양마을,전라남도,진도군,어촌생활체험+레포츠,통발체험+선상낚시체험+고동줍기체험,교육장+주차장+하늘다리펜션,,,전라남도 진도군 조도면 관매도길 77-1,,박철산,061-544-7729,2015-03-17,http://www.관호어촌체험마을.kr/,한국어촌어항공단,34.23876967,126.0521676,2025-08-27
돌머리(석두)어촌체험휴양마을,전라남도,함평군,어촌생활체험+만들기체험,맨손물고기잡기체험+바지락캐기체험+소라 다육이 만들기,"실내체험장+교육장+주차장+안내소,매점+갯벌생태관+안내소+샤워장",,,전라남도 함평군 함평읍 주포로 600-29,,손홍주,,2014-07-11,http://www.돌머리어촌체험마을.kr/,한국어촌어항공단,35.08638666,126.4403752,2025-08-27
학산어촌체험휴양마을,전라남도,함평군,만들기체험+어촌생활체험,재래김만들기+조개잡기,실내체험장+교육장+주차장+체험센터,,https://www.seantour.kr/newseantour/upload/attach/village/20240723/VLAGE_24939913638018023.jpg,전라남도 함평군 손불면 함평항길 152-18,,이원철,061-324-9889,2014-07-11,http://www.학산어촌체험마을.kr/,한국어촌어항공단,35.16148436,126.3732025,2025-08-27
사구어촌체험휴양마을,전라남도,해남군,어촌생활체험,개매기체험+후릿그물체험+바지락체험+독살체험+부양교밤낚시체험,,,https://www.seantour.kr/newseantour/upload/license/image/20190927/EE52E62CC93E4834984413BC7C24DD49.jpg,전라남도 해남군 송지면 사구미길 20,,,,2014-07-11,http://www.사구어촌체험마을.kr/,한국어촌어항공단,34.32146042,126.5806811,2025-08-27
고성신양어촌체험휴양마을,제주특별자치도,서귀포시,어촌생활체험,기타,,,,제주특별자치도 서귀포시 성산읍 신양로 80,,김복순,,2025-06-30,,한국어촌어항공단,33.43606606,126.9182127,2025-08-27
대항어촌체험휴양마을,경상남도,통영시,어촌생활체험,기타,회의실/주차장/화장실체험마을민박,,https://www.seantour.kr/newseantour/upload/license/image/20200812/391FB9257AE548B2AC36F2463C064CB0.jpg,경상남도 통영시 사량면 대항길 47-262,,김영석,,2015-05-14,,한국어촌어항공단,34.85311201,128.2066867,2025-08-27
율티어촌체험휴양마을,경상남도,창원시,어촌생활체험,기타,,,,경상남도 창원시 마산합포구 진전면 미더덕로 24,,이상율,055-271-1217,2025-04-30,,한국어촌어항공단,35.10570631,128.4529415,2025-08-27
선소어촌체험휴양마을,경상남도,남해군,어촌생활체험,기타,,,,경상남도 남해군 남해읍 선소로 119-18,,김현욱,,2025-02-04,,한국어촌어항공단,34.84986663,127.9106021,2025-08-27
